LECROYWR6050A,16172,Waveform
Segments,1,SegmentSize,2502
Segment,TrigTime,TimeSinceSegment1
#1,11-Jun-2009 13:00:58,0                 
Time,Ampl
2.729591e-007,-0.110311
2.731591e-007,-0.107877
2.733591e-007,-0.10817
2.735591e-007,-0.111433
2.737591e-007,-0.111588
2.739591e-007,-0.107048
2.741591e-007,-0.103647
2.743591e-007,-0.105097
2.745591e-007,-0.108395
2.747591e-007,-0.109534
2.749591e-007,-0.10981
2.751591e-007,-0.11259
2.753591e-007,-0.115317
2.755591e-007,-0.113194
2.757591e-007,-0.10855
2.759591e-007,-0.106703
2.761591e-007,-0.1071
2.763591e-007,-0.106409
2.765591e-007,-0.104856
2.767591e-007,-0.104752
2.769591e-007,-0.106185
2.771591e-007,-0.107324
2.773591e-007,-0.107687
2.775591e-007,-0.108412
2.777591e-007,-0.109966
2.779591e-007,-0.111657
2.781591e-007,-0.112503
2.783591e-007,-0.111951
2.785591e-007,-0.110673
2.787591e-007,-0.109379
2.789591e-007,-0.108774
2.791591e-007,-0.111088
2.793591e-007,-0.115801
2.795591e-007,-0.11713
2.797591e-007,-0.1124
2.799591e-007,-0.107031
2.801591e-007,-0.106185
2.803591e-007,-0.109016
2.805591e-007,-0.111554
2.807591e-007,-0.110363
2.809591e-007,-0.106547
2.811591e-007,-0.104821
2.813591e-007,-0.106547
2.815591e-007,-0.10912
2.817591e-007,-0.111208
2.819591e-007,-0.112503
2.821591e-007,-0.112158
2.823591e-007,-0.110846
2.825591e-007,-0.110086
2.827591e-007,-0.110155
2.829591e-007,-0.110552
2.831591e-007,-0.110518
2.833591e-007,-0.109689
2.835591e-007,-0.109361
2.837591e-007,-0.110449
2.839591e-007,-0.11145
2.841591e-007,-0.110742
2.843591e-007,-0.109672
2.845591e-007,-0.111243
2.847591e-007,-0.114143
2.849591e-007,-0.112918
2.851591e-007,-0.107963
2.853591e-007,-0.106427
2.855591e-007,-0.109171
2.857591e-007,-0.110794
2.859591e-007,-0.11076
2.861591e-007,-0.110967
2.863591e-007,-0.109517
2.865591e-007,-0.105615
2.867591e-007,-0.103077
2.869591e-007,-0.104683
2.871591e-007,-0.107756
2.873591e-007,-0.108222
2.875591e-007,-0.106703
2.877591e-007,-0.107203
2.879591e-007,-0.111467
2.881591e-007,-0.116629
2.883591e-007,-0.117475
2.885591e-007,-0.112521
2.887591e-007,-0.106962
2.889591e-007,-0.10634
2.891591e-007,-0.109016
2.893591e-007,-0.110449
2.895591e-007,-0.110725
2.897591e-007,-0.111295
2.899591e-007,-0.111191
2.901591e-007,-0.110397
2.903591e-007,-0.110138
2.905591e-007,-0.110466
2.907591e-007,-0.111312
2.909591e-007,-0.112279
2.911591e-007,-0.11202
2.913591e-007,-0.110121
2.915591e-007,-0.107549
2.917591e-007,-0.10596
2.919591e-007,-0.107169
2.921591e-007,-0.110242
2.923591e-007,-0.111692
2.925591e-007,-0.111208
2.927591e-007,-0.111675
2.929591e-007,-0.11309
2.931591e-007,-0.113643
2.933591e-007,-0.11347
2.935591e-007,-0.112521
2.937591e-007,-0.110863
2.939591e-007,-0.110656
2.941591e-007,-0.111865
2.943591e-007,-0.110742
2.945591e-007,-0.106219
2.947591e-007,-0.102922
2.949591e-007,-0.104441
2.951591e-007,-0.107859
2.953591e-007,-0.108325
2.955591e-007,-0.105943
2.957591e-007,-0.104286
2.959591e-007,-0.104752
2.961591e-007,-0.105788
2.963591e-007,-0.106427
2.965591e-007,-0.108395
2.967591e-007,-0.111882
2.969591e-007,-0.112935
2.971591e-007,-0.109896
2.973591e-007,-0.107393
2.975591e-007,-0.108446
2.977591e-007,-0.10981
2.979591e-007,-0.109776
2.981591e-007,-0.110725
2.983591e-007,-0.112641
2.985591e-007,-0.112624
2.987591e-007,-0.110294
2.989591e-007,-0.108567
2.991591e-007,-0.109568
2.993591e-007,-0.111554
2.995591e-007,-0.111865
2.997591e-007,-0.111001
2.999591e-007,-0.110898
3.001591e-007,-0.112193
3.003591e-007,-0.11454
3.005591e-007,-0.116284
3.007591e-007,-0.114454
3.009591e-007,-0.10924
3.011591e-007,-0.105149
3.013591e-007,-0.105805
3.015591e-007,-0.110345
3.017591e-007,-0.114713
3.019591e-007,-0.115542
3.021591e-007,-0.112469
3.023591e-007,-0.106979
3.025591e-007,-0.102749
3.027591e-007,-0.1042
3.029591e-007,-0.109361
3.031591e-007,-0.111364
3.033591e-007,-0.108999
3.035591e-007,-0.106755
3.037591e-007,-0.107445
3.039591e-007,-0.11019
3.041591e-007,-0.111537
3.043591e-007,-0.109931
3.045591e-007,-0.108809
3.047591e-007,-0.109344
3.049591e-007,-0.107013
3.051591e-007,-0.101973
3.053591e-007,-0.10073
3.055591e-007,-0.104666
3.057591e-007,-0.108429
3.059591e-007,-0.109258
3.061591e-007,-0.10874
3.063591e-007,-0.108101
3.065591e-007,-0.107324
3.067591e-007,-0.107272
3.069591e-007,-0.10817
3.071591e-007,-0.107825
3.073591e-007,-0.10489
3.075591e-007,-0.101869
3.077591e-007,-0.10161
3.079591e-007,-0.104061
3.081591e-007,-0.107877
3.083591e-007,-0.111692
3.085591e-007,-0.113729
3.087591e-007,-0.112762
3.089591e-007,-0.109275
3.091591e-007,-0.10615
3.093591e-007,-0.106755
3.095591e-007,-0.110328
3.097591e-007,-0.112193
3.099591e-007,-0.110276
3.101591e-007,-0.108015
3.103591e-007,-0.108964
3.105591e-007,-0.11088
3.107591e-007,-0.108895
3.109591e-007,-0.105045
3.111591e-007,-0.106288
3.113591e-007,-0.112227
3.115591e-007,-0.11549
3.117591e-007,-0.113936
3.119591e-007,-0.111795
3.121591e-007,-0.111191
3.123591e-007,-0.110345
3.125591e-007,-0.107894
3.127591e-007,-0.104994
3.129591e-007,-0.103578
3.131591e-007,-0.103682
3.133591e-007,-0.104925
3.135591e-007,-0.108429
3.137591e-007,-0.112745
3.139591e-007,-0.113867
3.141591e-007,-0.112607
3.143591e-007,-0.112987
3.145591e-007,-0.114212
3.147591e-007,-0.113159
3.149591e-007,-0.11038
3.151591e-007,-0.107877
3.153591e-007,-0.106288
3.155591e-007,-0.106392
3.157591e-007,-0.109189
3.159591e-007,-0.11202
3.161591e-007,-0.110622
3.163591e-007,-0.106565
3.165591e-007,-0.106029
3.167591e-007,-0.109586
3.169591e-007,-0.11221
3.171591e-007,-0.111847
3.173591e-007,-0.110224
3.175591e-007,-0.109689
3.177591e-007,-0.111139
3.179591e-007,-0.11183
3.181591e-007,-0.10981
3.183591e-007,-0.108567
3.185591e-007,-0.109776
3.187591e-007,-0.11019
3.189591e-007,-0.109672
3.191591e-007,-0.110259
3.193591e-007,-0.109758
3.195591e-007,-0.106616
3.197591e-007,-0.103923
3.199591e-007,-0.103889
3.201591e-007,-0.104786
3.203591e-007,-0.104925
3.205591e-007,-0.105149
3.207591e-007,-0.106064
3.209591e-007,-0.106582
3.211591e-007,-0.106668
3.213591e-007,-0.10748
3.215591e-007,-0.107756
3.217591e-007,-0.10584
3.219591e-007,-0.103975
3.221591e-007,-0.105494
3.223591e-007,-0.109845
3.225591e-007,-0.113487
3.227591e-007,-0.114402
3.229591e-007,-0.113919
3.231591e-007,-0.113246
3.233591e-007,-0.111675
3.235591e-007,-0.109638
3.237591e-007,-0.10836
3.239591e-007,-0.107048
3.241591e-007,-0.105909
3.243591e-007,-0.107773
3.245591e-007,-0.112279
3.247591e-007,-0.11473
3.249591e-007,-0.113125
3.251591e-007,-0.110363
3.253591e-007,-0.109379
3.255591e-007,-0.109672
3.257591e-007,-0.109102
3.259591e-007,-0.107997
3.261591e-007,-0.108533
3.263591e-007,-0.110104
3.265591e-007,-0.110259
3.267591e-007,-0.109465
3.269591e-007,-0.109499
3.271591e-007,-0.10981
3.273591e-007,-0.109568
3.275591e-007,-0.108912
3.277591e-007,-0.108205
3.279591e-007,-0.109413
3.281591e-007,-0.113142
3.283591e-007,-0.114799
3.285591e-007,-0.112003
3.287591e-007,-0.11019
3.289591e-007,-0.11271
3.291591e-007,-0.114696
3.293591e-007,-0.1124
3.295591e-007,-0.109845
3.297591e-007,-0.110483
3.299591e-007,-0.111088
3.301591e-007,-0.109724
3.303591e-007,-0.109776
3.305591e-007,-0.111416
3.307591e-007,-0.111001
3.309591e-007,-0.10931
3.311591e-007,-0.109948
3.313591e-007,-0.112434
3.315591e-007,-0.114109
3.317591e-007,-0.113884
3.319591e-007,-0.11221
3.321591e-007,-0.11057
3.323591e-007,-0.110069
3.325591e-007,-0.110294
3.327591e-007,-0.110466
3.329591e-007,-0.109845
3.331591e-007,-0.108584
3.333591e-007,-0.108533
3.335591e-007,-0.109931
3.337591e-007,-0.11095
3.339591e-007,-0.111381
3.341591e-007,-0.11202
3.343591e-007,-0.11202
3.345591e-007,-0.111174
3.347591e-007,-0.110932
3.349591e-007,-0.111951
3.351591e-007,-0.112745
3.353591e-007,-0.110501
3.355591e-007,-0.105339
3.357591e-007,-0.103181
3.359591e-007,-0.107549
3.361591e-007,-0.112365
3.363591e-007,-0.112382
3.365591e-007,-0.110794
3.367591e-007,-0.110328
3.369591e-007,-0.109033
3.371591e-007,-0.107048
3.373591e-007,-0.107721
3.375591e-007,-0.111554
3.377591e-007,-0.114022
3.379591e-007,-0.111795
3.381591e-007,-0.108274
3.383591e-007,-0.108136
3.385591e-007,-0.109896
3.387591e-007,-0.110294
3.389591e-007,-0.109966
3.391591e-007,-0.110691
3.393591e-007,-0.111502
3.395591e-007,-0.110017
3.397591e-007,-0.107462
3.399591e-007,-0.108205
3.401591e-007,-0.11183
3.403591e-007,-0.113142
3.405591e-007,-0.11126
3.407591e-007,-0.109482
3.409591e-007,-0.108498
3.411591e-007,-0.107048
3.413591e-007,-0.105581
3.415591e-007,-0.105805
3.417591e-007,-0.10924
3.419591e-007,-0.114851
3.421591e-007,-0.117924
3.423591e-007,-0.115559
3.425591e-007,-0.111398
3.427591e-007,-0.11038
3.429591e-007,-0.111416
3.431591e-007,-0.110794
3.433591e-007,-0.109275
3.435591e-007,-0.109171
3.437591e-007,-0.109016
3.439591e-007,-0.107341
3.441591e-007,-0.106288
3.443591e-007,-0.108153
3.445591e-007,-0.111813
3.447591e-007,-0.113159
3.449591e-007,-0.109568
3.451591e-007,-0.104545
3.453591e-007,-0.103716
3.455591e-007,-0.107169
3.457591e-007,-0.111174
3.459591e-007,-0.113539
3.461591e-007,-0.113332
3.463591e-007,-0.110794
3.465591e-007,-0.109396
3.467591e-007,-0.111312
3.469591e-007,-0.114074
3.471591e-007,-0.114713
3.473591e-007,-0.112072
3.475591e-007,-0.107497
3.477591e-007,-0.105494
3.479591e-007,-0.108153
3.481591e-007,-0.112037
3.483591e-007,-0.113418
3.485591e-007,-0.111968
3.487591e-007,-0.110311
3.489591e-007,-0.110155
3.491591e-007,-0.109689
3.493591e-007,-0.107825
3.495591e-007,-0.106064
3.497591e-007,-0.104907
3.499591e-007,-0.104994
3.501591e-007,-0.107583
3.503591e-007,-0.110121
3.505591e-007,-0.109482
3.507591e-007,-0.107635
3.509591e-007,-0.107083
3.511591e-007,-0.107255
3.513591e-007,-0.1076
3.515591e-007,-0.107739
3.517591e-007,-0.107566
3.519591e-007,-0.108602
3.521591e-007,-0.109361
3.523591e-007,-0.10634
3.525591e-007,-0.103198
3.527591e-007,-0.105943
3.529591e-007,-0.110276
3.531591e-007,-0.10874
3.533591e-007,-0.104338
3.535591e-007,-0.104372
3.537591e-007,-0.108239
3.539591e-007,-0.110449
3.541591e-007,-0.109879
3.543591e-007,-0.108653
3.545591e-007,-0.106944
3.547591e-007,-0.104752
3.549591e-007,-0.103802
3.551591e-007,-0.104372
3.553591e-007,-0.104976
3.555591e-007,-0.105218
3.557591e-007,-0.105563
3.559591e-007,-0.106081
3.561591e-007,-0.106806
3.563591e-007,-0.1071
3.565591e-007,-0.105822
3.567591e-007,-0.104096
3.569591e-007,-0.103992
3.571591e-007,-0.10546
3.573591e-007,-0.107324
3.575591e-007,-0.108757
3.577591e-007,-0.109534
3.579591e-007,-0.110518
3.581591e-007,-0.112175
3.583591e-007,-0.11259
3.585591e-007,-0.110673
3.587591e-007,-0.108636
3.589591e-007,-0.108895
3.591591e-007,-0.111588
3.593591e-007,-0.114678
3.595591e-007,-0.116008
3.597591e-007,-0.115283
3.599591e-007,-0.113694
3.601591e-007,-0.113556
3.603591e-007,-0.116612
3.605591e-007,-0.120617
3.607591e-007,-0.122533
3.609591e-007,-0.122395
3.611591e-007,-0.120893
3.613591e-007,-0.119892
3.615591e-007,-0.121843
3.617591e-007,-0.124191
3.619591e-007,-0.124381
3.621591e-007,-0.127212
3.623591e-007,-0.133772
3.625591e-007,-0.136292
3.627591e-007,-0.133358
3.629591e-007,-0.132132
3.631591e-007,-0.134566
3.633591e-007,-0.136482
3.635591e-007,-0.135947
3.637591e-007,-0.134342
3.639591e-007,-0.133962
3.641591e-007,-0.135015
3.643591e-007,-0.135844
3.645591e-007,-0.137207
3.647591e-007,-0.140591
3.649591e-007,-0.14375
3.651591e-007,-0.143785
3.653591e-007,-0.141679
3.655591e-007,-0.140798
3.657591e-007,-0.143405
3.659591e-007,-0.147669
3.661591e-007,-0.149361
3.663591e-007,-0.148032
3.665591e-007,-0.147721
3.667591e-007,-0.150656
3.669591e-007,-0.154419
3.671591e-007,-0.156094
3.673591e-007,-0.157837
3.675591e-007,-0.163413
3.677591e-007,-0.169059
3.679591e-007,-0.16804
3.681591e-007,-0.163034
3.683591e-007,-0.16186
3.685591e-007,-0.165019
3.687591e-007,-0.167608
3.689591e-007,-0.167971
3.691591e-007,-0.168592
3.693591e-007,-0.171821
3.695591e-007,-0.175809
3.697591e-007,-0.176465
3.699591e-007,-0.174082
3.701591e-007,-0.172235
3.703591e-007,-0.171821
3.705591e-007,-0.172183
3.707591e-007,-0.173409
3.709591e-007,-0.174911
3.711591e-007,-0.176378
3.713591e-007,-0.17807
3.715591e-007,-0.179296
3.717591e-007,-0.18009
3.719591e-007,-0.18154
3.721591e-007,-0.183767
3.723591e-007,-0.185459
3.725591e-007,-0.184406
3.727591e-007,-0.180573
3.729591e-007,-0.178139
3.731591e-007,-0.180194
3.733591e-007,-0.184389
3.735591e-007,-0.187548
3.737591e-007,-0.188653
3.739591e-007,-0.187824
3.741591e-007,-0.187444
3.743591e-007,-0.190016
3.745591e-007,-0.194004
3.747591e-007,-0.196421
3.749591e-007,-0.19725
3.751591e-007,-0.198079
3.753591e-007,-0.198907
3.755591e-007,-0.198631
3.757591e-007,-0.198562
3.759591e-007,-0.201721
3.761591e-007,-0.206089
3.763591e-007,-0.206883
3.765591e-007,-0.206123
3.767591e-007,-0.208747
3.769591e-007,-0.21151
3.771591e-007,-0.208644
3.773591e-007,-0.203896
3.775591e-007,-0.204621
3.777591e-007,-0.208609
3.779591e-007,-0.20892
3.781591e-007,-0.206693
3.783591e-007,-0.207453
3.785591e-007,-0.210629
3.787591e-007,-0.212494
3.789591e-007,-0.213098
3.791591e-007,-0.213598
3.793591e-007,-0.212891
3.795591e-007,-0.211026
3.797591e-007,-0.210698
3.799591e-007,-0.212891
3.801591e-007,-0.215307
3.803591e-007,-0.216481
3.805591e-007,-0.217258
3.807591e-007,-0.217569
3.809591e-007,-0.216378
3.811591e-007,-0.215238
3.813591e-007,-0.216361
3.815591e-007,-0.219468
3.817591e-007,-0.2233
3.819591e-007,-0.225786
3.821591e-007,-0.224492
3.823591e-007,-0.221488
3.825591e-007,-0.221591
3.827591e-007,-0.22425
3.829591e-007,-0.225441
3.831591e-007,-0.223922
3.833591e-007,-0.220866
3.835591e-007,-0.218501
3.837591e-007,-0.219779
3.839591e-007,-0.224595
3.841591e-007,-0.228635
3.843591e-007,-0.22841
3.845591e-007,-0.22482
3.847591e-007,-0.220866
3.849591e-007,-0.218329
3.851591e-007,-0.217362
3.853591e-007,-0.217932
3.855591e-007,-0.219537
3.857591e-007,-0.220159
3.859591e-007,-0.218795
3.861591e-007,-0.21788
3.863591e-007,-0.218743
3.865591e-007,-0.218812
3.867591e-007,-0.217362
3.869591e-007,-0.217604
3.871591e-007,-0.22097
3.873591e-007,-0.223749
3.875591e-007,-0.221591
3.877591e-007,-0.216585
3.879591e-007,-0.21403
3.881591e-007,-0.213926
3.883591e-007,-0.213754
3.885591e-007,-0.214945
3.887591e-007,-0.217759
3.889591e-007,-0.218242
3.891591e-007,-0.215446
3.893591e-007,-0.212321
3.895591e-007,-0.209628
3.897591e-007,-0.206935
3.899591e-007,-0.206192
3.901591e-007,-0.208247
3.903591e-007,-0.210128
3.905591e-007,-0.209593
3.907591e-007,-0.208592
3.909591e-007,-0.20892
3.911591e-007,-0.209455
3.913591e-007,-0.209852
3.915591e-007,-0.21075
3.917591e-007,-0.211026
3.919591e-007,-0.210525
3.921591e-007,-0.211199
3.923591e-007,-0.21239
3.925591e-007,-0.21163
3.927591e-007,-0.209403
3.929591e-007,-0.207677
3.931591e-007,-0.206917
3.933591e-007,-0.206244
3.935591e-007,-0.20545
3.937591e-007,-0.206451
3.939591e-007,-0.208765
3.941591e-007,-0.207125
3.943591e-007,-0.201359
3.945591e-007,-0.19889
3.947591e-007,-0.200979
3.949591e-007,-0.201738
3.951591e-007,-0.200461
3.953591e-007,-0.200513
3.955591e-007,-0.201756
3.957591e-007,-0.202619
3.959591e-007,-0.20324
3.961591e-007,-0.203862
3.963591e-007,-0.202981
3.965591e-007,-0.200461
3.967591e-007,-0.200323
3.969591e-007,-0.204121
3.971591e-007,-0.206002
3.973591e-007,-0.202153
3.975591e-007,-0.19775
3.977591e-007,-0.198441
3.979591e-007,-0.201704
3.981591e-007,-0.202101
3.983591e-007,-0.199304
3.985591e-007,-0.196922
3.987591e-007,-0.196784
3.989591e-007,-0.197474
3.991591e-007,-0.197733
3.993591e-007,-0.19794
3.995591e-007,-0.198199
3.997591e-007,-0.197457
3.999591e-007,-0.196076
4.001591e-007,-0.195558
4.003591e-007,-0.195748
4.005591e-007,-0.196024
4.007591e-007,-0.196749
4.009591e-007,-0.197595
4.011591e-007,-0.19744
4.013591e-007,-0.195834
4.015591e-007,-0.193607
4.017591e-007,-0.192226
4.019591e-007,-0.191846
4.021591e-007,-0.191449
4.023591e-007,-0.191311
4.025591e-007,-0.192243
4.027591e-007,-0.193314
4.029591e-007,-0.193055
4.031591e-007,-0.191346
4.033591e-007,-0.189153
4.035591e-007,-0.187789
4.037591e-007,-0.187651
4.039591e-007,-0.18848
4.041591e-007,-0.190224
4.043591e-007,-0.191587
4.045591e-007,-0.191639
4.047591e-007,-0.192105
4.049591e-007,-0.193176
4.051591e-007,-0.192416
4.053591e-007,-0.190293
4.055591e-007,-0.18936
4.057591e-007,-0.189792
4.059591e-007,-0.190085
4.061591e-007,-0.18848
4.063591e-007,-0.184924
4.065591e-007,-0.182783
4.067591e-007,-0.184475
4.069591e-007,-0.187168
4.071591e-007,-0.187859
4.073591e-007,-0.187807
4.075591e-007,-0.188411
4.077591e-007,-0.188549
4.079591e-007,-0.187168
4.081591e-007,-0.185821
4.083591e-007,-0.187392
4.085591e-007,-0.190828
4.087591e-007,-0.190862
4.089591e-007,-0.185718
4.091591e-007,-0.180004
4.093591e-007,-0.178812
4.095591e-007,-0.182714
4.097591e-007,-0.187323
4.099591e-007,-0.188342
4.101591e-007,-0.186805
4.103591e-007,-0.185683
4.105591e-007,-0.184665
4.107591e-007,-0.183629
4.109591e-007,-0.183612
4.111591e-007,-0.182887
4.113591e-007,-0.180763
4.115591e-007,-0.181143
4.117591e-007,-0.184544
4.119591e-007,-0.185994
4.121591e-007,-0.18444
4.123591e-007,-0.183991
4.125591e-007,-0.185649
4.127591e-007,-0.186029
4.129591e-007,-0.183249
4.131591e-007,-0.180038
4.133591e-007,-0.180539
4.135591e-007,-0.185269
4.137591e-007,-0.189378
4.139591e-007,-0.187392
4.141591e-007,-0.181247
4.143591e-007,-0.178623
4.145591e-007,-0.181834
4.147591e-007,-0.184354
4.149591e-007,-0.181626
4.151591e-007,-0.178225
4.153591e-007,-0.178812
4.155591e-007,-0.180004
4.157591e-007,-0.178087
4.159591e-007,-0.176326
4.161591e-007,-0.177742
4.163591e-007,-0.179175
4.165591e-007,-0.178433
4.167591e-007,-0.178467
4.169591e-007,-0.179727
4.171591e-007,-0.17864
4.173591e-007,-0.176119
4.175591e-007,-0.176827
4.177591e-007,-0.181229
4.179591e-007,-0.185424
4.181591e-007,-0.18501
4.183591e-007,-0.178415
4.185591e-007,-0.171182
4.187591e-007,-0.170906
4.189591e-007,-0.175273
4.191591e-007,-0.175981
4.193591e-007,-0.172891
4.195591e-007,-0.171821
4.197591e-007,-0.173633
4.199591e-007,-0.174721
4.201591e-007,-0.173927
4.203591e-007,-0.173357
4.205591e-007,-0.173633
4.207591e-007,-0.172529
4.209591e-007,-0.169352
4.211591e-007,-0.166037
4.213591e-007,-0.163206
4.215591e-007,-0.16022
4.217591e-007,-0.157561
4.219591e-007,-0.155835
4.221591e-007,-0.155058
4.223591e-007,-0.155386
4.225591e-007,-0.156974
4.227591e-007,-0.158925
4.229591e-007,-0.1587
4.231591e-007,-0.155041
4.233591e-007,-0.151174
4.235591e-007,-0.151174
4.237591e-007,-0.15359
4.239591e-007,-0.153124
4.241591e-007,-0.148912
4.243591e-007,-0.145977
4.245591e-007,-0.147807
4.247591e-007,-0.151467
4.249591e-007,-0.152088
4.251591e-007,-0.149689
4.253591e-007,-0.147307
4.255591e-007,-0.14577
4.257591e-007,-0.145442
4.259591e-007,-0.146616
4.261591e-007,-0.146858
4.263591e-007,-0.144182
4.265591e-007,-0.140332
4.267591e-007,-0.137708
4.269591e-007,-0.136361
4.271591e-007,-0.135291
4.273591e-007,-0.135015
4.275591e-007,-0.13631
4.277591e-007,-0.137518
4.279591e-007,-0.13719
4.281591e-007,-0.136689
4.283591e-007,-0.136897
4.285591e-007,-0.136983
4.287591e-007,-0.13681
4.289591e-007,-0.136344
4.291591e-007,-0.136033
4.293591e-007,-0.13757
4.295591e-007,-0.139831
4.297591e-007,-0.138968
4.299591e-007,-0.135636
4.301591e-007,-0.134342
4.303591e-007,-0.136033
4.305591e-007,-0.137846
4.307591e-007,-0.13826
4.309591e-007,-0.138191
4.311591e-007,-0.137656
4.313591e-007,-0.135257
4.315591e-007,-0.132253
4.317591e-007,-0.131735
4.319591e-007,-0.133271
4.321591e-007,-0.13391
4.323591e-007,-0.133358
4.325591e-007,-0.133755
4.327591e-007,-0.135895
4.329591e-007,-0.138381
4.331591e-007,-0.13921
4.333591e-007,-0.137622
4.335591e-007,-0.134601
4.337591e-007,-0.131683
4.339591e-007,-0.130164
4.341591e-007,-0.130682
4.343591e-007,-0.131545
4.345591e-007,-0.130302
4.347591e-007,-0.127453
4.349591e-007,-0.125071
4.351591e-007,-0.124398
4.353591e-007,-0.125934
4.355591e-007,-0.128248
4.357591e-007,-0.129456
4.359591e-007,-0.129646
4.361591e-007,-0.128317
4.363591e-007,-0.125071
4.365591e-007,-0.122516
4.367591e-007,-0.12167
4.369591e-007,-0.120375
4.371591e-007,-0.119012
4.373591e-007,-0.11965
4.375591e-007,-0.121877
4.377591e-007,-0.123707
4.379591e-007,-0.123552
4.381591e-007,-0.121705
4.383591e-007,-0.120047
4.385591e-007,-0.118925
4.387591e-007,-0.118148
4.389591e-007,-0.119253
4.391591e-007,-0.121946
4.393591e-007,-0.123086
4.395591e-007,-0.121549
4.397591e-007,-0.11946
4.399591e-007,-0.119253
4.401591e-007,-0.120842
4.403591e-007,-0.121567
4.405591e-007,-0.120583
4.407591e-007,-0.120289
4.409591e-007,-0.121014
4.411591e-007,-0.121757
4.413591e-007,-0.123794
4.415591e-007,-0.126038
4.417591e-007,-0.12495
4.419591e-007,-0.122292
4.421591e-007,-0.122085
4.423591e-007,-0.123103
4.425591e-007,-0.122551
4.427591e-007,-0.121204
4.429591e-007,-0.120997
4.431591e-007,-0.122257
4.433591e-007,-0.123586
4.435591e-007,-0.124001
4.437591e-007,-0.124432
4.439591e-007,-0.125347
4.441591e-007,-0.125468
4.443591e-007,-0.125123
4.445591e-007,-0.125952
4.447591e-007,-0.127453
4.449591e-007,-0.127125
4.451591e-007,-0.124277
4.453591e-007,-0.122361
4.455591e-007,-0.124173
4.457591e-007,-0.126849
4.459591e-007,-0.127436
4.461591e-007,-0.128058
4.463591e-007,-0.129957
4.465591e-007,-0.130923
4.467591e-007,-0.130423
4.469591e-007,-0.129456
4.471591e-007,-0.128144
4.473591e-007,-0.126262
4.475591e-007,-0.124053
4.477591e-007,-0.1235
4.479591e-007,-0.125969
4.481591e-007,-0.127609
4.483591e-007,-0.125606
4.485591e-007,-0.12495
4.487591e-007,-0.129007
4.489591e-007,-0.132702
4.491591e-007,-0.131735
4.493591e-007,-0.128282
4.495591e-007,-0.125813
4.497591e-007,-0.125641
4.499591e-007,-0.127661
4.501591e-007,-0.130854
4.503591e-007,-0.132943
4.505591e-007,-0.131528
4.507591e-007,-0.128835
4.509591e-007,-0.129387
4.511591e-007,-0.131666
4.513591e-007,-0.131113
4.515591e-007,-0.128921
4.517591e-007,-0.12823
4.519591e-007,-0.127902
4.521591e-007,-0.126521
4.523591e-007,-0.125537
4.525591e-007,-0.126469
4.527591e-007,-0.129111
4.529591e-007,-0.130544
4.531591e-007,-0.128558
4.533591e-007,-0.126936
4.535591e-007,-0.129594
4.537591e-007,-0.132615
4.539591e-007,-0.131286
4.541591e-007,-0.128213
4.543591e-007,-0.128179
4.545591e-007,-0.130147
4.547591e-007,-0.129663
4.549591e-007,-0.127281
4.551591e-007,-0.126677
4.553591e-007,-0.126694
4.555591e-007,-0.125882
4.557591e-007,-0.127246
4.559591e-007,-0.130889
4.561591e-007,-0.132477
4.563591e-007,-0.131027
4.565591e-007,-0.128696
4.567591e-007,-0.126038
4.569591e-007,-0.124312
4.571591e-007,-0.126418
4.573591e-007,-0.131338
4.575591e-007,-0.134048
4.577591e-007,-0.132512
4.579591e-007,-0.130078
4.581591e-007,-0.13025
4.583591e-007,-0.131476
4.585591e-007,-0.130509
4.587591e-007,-0.128386
4.589591e-007,-0.12842
4.591591e-007,-0.131096
4.593591e-007,-0.133703
4.595591e-007,-0.133254
4.597591e-007,-0.130285
4.599591e-007,-0.127747
4.601591e-007,-0.126072
4.603591e-007,-0.125641
4.605591e-007,-0.128783
4.607591e-007,-0.133237
4.609591e-007,-0.13284
4.611591e-007,-0.127402
4.613591e-007,-0.122447
4.615591e-007,-0.121411
4.617591e-007,-0.123379
4.619591e-007,-0.125969
4.621591e-007,-0.127868
4.623591e-007,-0.128109
4.625591e-007,-0.126659
4.627591e-007,-0.12659
4.629591e-007,-0.129059
4.631591e-007,-0.129007
4.633591e-007,-0.124881
4.635591e-007,-0.122689
4.637591e-007,-0.124191
4.639591e-007,-0.124225
4.641591e-007,-0.121256
4.643591e-007,-0.119202
4.645591e-007,-0.120755
4.647591e-007,-0.123794
4.649591e-007,-0.123017
4.651591e-007,-0.117838
4.653591e-007,-0.115334
4.655591e-007,-0.119788
4.657591e-007,-0.126366
4.659591e-007,-0.128489
4.661591e-007,-0.125485
4.663591e-007,-0.122309
4.665591e-007,-0.123552
4.667591e-007,-0.126746
4.669591e-007,-0.126072
4.671591e-007,-0.122205
4.673591e-007,-0.120151
4.675591e-007,-0.121308
4.677591e-007,-0.124208
4.679591e-007,-0.126867
4.681591e-007,-0.12678
4.683591e-007,-0.124709
4.685591e-007,-0.124519
4.687591e-007,-0.125848
4.689591e-007,-0.124812
4.691591e-007,-0.122015
4.693591e-007,-0.122637
4.695591e-007,-0.127816
4.697591e-007,-0.131096
4.699591e-007,-0.128627
4.701591e-007,-0.125848
4.703591e-007,-0.126124
4.705591e-007,-0.125434
4.707591e-007,-0.123241
4.709591e-007,-0.123086
4.711591e-007,-0.123707
4.713591e-007,-0.12243
4.715591e-007,-0.120134
4.717591e-007,-0.118494
4.719591e-007,-0.118097
4.721591e-007,-0.118597
4.723591e-007,-0.118753
4.725591e-007,-0.118321
4.727591e-007,-0.117596
4.729591e-007,-0.11618
4.731591e-007,-0.115904
4.733591e-007,-0.11946
4.735591e-007,-0.124191
4.737591e-007,-0.124381
4.739591e-007,-0.120531
4.741591e-007,-0.119115
4.743591e-007,-0.121981
4.745591e-007,-0.122861
4.747591e-007,-0.119081
4.749591e-007,-0.116957
4.751591e-007,-0.119961
4.753591e-007,-0.123379
4.755591e-007,-0.123949
4.757591e-007,-0.122723
4.759591e-007,-0.121118
4.761591e-007,-0.120824
4.763591e-007,-0.122395
4.765591e-007,-0.123638
4.767591e-007,-0.123863
4.769591e-007,-0.124553
4.771591e-007,-0.125347
4.773591e-007,-0.12533
4.775591e-007,-0.125244
4.777591e-007,-0.125969
4.779591e-007,-0.127453
4.781591e-007,-0.127902
4.783591e-007,-0.125002
4.785591e-007,-0.120911
4.787591e-007,-0.120548
4.789591e-007,-0.124829
4.791591e-007,-0.130388
4.793591e-007,-0.132926
4.795591e-007,-0.130475
4.797591e-007,-0.12609
4.799591e-007,-0.124035
4.801591e-007,-0.12457
4.803591e-007,-0.125658
4.805591e-007,-0.125451
4.807591e-007,-0.123241
4.809591e-007,-0.120738
4.811591e-007,-0.119978
4.813591e-007,-0.121584
4.815591e-007,-0.125106
4.817591e-007,-0.12861
4.819591e-007,-0.130026
4.821591e-007,-0.130457
4.823591e-007,-0.131821
4.825591e-007,-0.132218
4.827591e-007,-0.129629
4.829591e-007,-0.126987
4.831591e-007,-0.127505
4.833591e-007,-0.129076
4.835591e-007,-0.127868
4.837591e-007,-0.124501
4.839591e-007,-0.123207
4.841591e-007,-0.126124
4.843591e-007,-0.130716
4.845591e-007,-0.133099
4.847591e-007,-0.131666
4.849591e-007,-0.128748
4.851591e-007,-0.128386
4.853591e-007,-0.130043
4.855591e-007,-0.130198
4.857591e-007,-0.130216
4.859591e-007,-0.132667
4.861591e-007,-0.133962
4.863591e-007,-0.130457
4.865591e-007,-0.125226
4.867591e-007,-0.12331
4.869591e-007,-0.125261
4.871591e-007,-0.127402
4.873591e-007,-0.127195
4.875591e-007,-0.125641
4.877591e-007,-0.124363
4.879591e-007,-0.123397
4.881591e-007,-0.122689
4.883591e-007,-0.12388
4.885591e-007,-0.128489
4.887591e-007,-0.13334
4.889591e-007,-0.132615
4.891591e-007,-0.127885
4.893591e-007,-0.127195
4.895591e-007,-0.131648
4.897591e-007,-0.134894
4.899591e-007,-0.134583
4.901591e-007,-0.132028
4.903591e-007,-0.12792
4.905591e-007,-0.125261
4.907591e-007,-0.126832
4.909591e-007,-0.129784
4.911591e-007,-0.130423
4.913591e-007,-0.129594
4.915591e-007,-0.129076
4.917591e-007,-0.128817
4.919591e-007,-0.128817
4.921591e-007,-0.129663
4.923591e-007,-0.131338
4.925591e-007,-0.132339
4.927591e-007,-0.13132
4.929591e-007,-0.129611
4.931591e-007,-0.12918
4.933591e-007,-0.129525
4.935591e-007,-0.129732
4.937591e-007,-0.130492
4.939591e-007,-0.131959
4.941591e-007,-0.13303
4.943591e-007,-0.132857
4.945591e-007,-0.132339
4.947591e-007,-0.133064
4.949591e-007,-0.134549
4.951591e-007,-0.135101
4.953591e-007,-0.134601
4.955591e-007,-0.133323
4.957591e-007,-0.131856
4.959591e-007,-0.132149
4.961591e-007,-0.133547
4.963591e-007,-0.13303
4.965591e-007,-0.13139
4.967591e-007,-0.131062
4.969591e-007,-0.130509
4.971591e-007,-0.128593
4.973591e-007,-0.128265
4.975591e-007,-0.130078
4.977591e-007,-0.129732
4.979591e-007,-0.126297
4.981591e-007,-0.125313
4.983591e-007,-0.129007
4.985591e-007,-0.131683
4.987591e-007,-0.129352
4.989591e-007,-0.125485
4.991591e-007,-0.12464
4.993591e-007,-0.126901
4.995591e-007,-0.129698
4.997591e-007,-0.131234
4.999591e-007,-0.131372
5.001591e-007,-0.130768
5.003591e-007,-0.129732
5.005591e-007,-0.128869
5.007591e-007,-0.128507
5.009591e-007,-0.126746
5.011591e-007,-0.123742
5.013591e-007,-0.124156
5.015591e-007,-0.127989
5.017591e-007,-0.128541
5.019591e-007,-0.124035
5.021591e-007,-0.119944
5.023591e-007,-0.120358
5.025591e-007,-0.124191
5.027591e-007,-0.126677
5.029591e-007,-0.125054
5.031591e-007,-0.123397
5.033591e-007,-0.124691
5.035591e-007,-0.124346
5.037591e-007,-0.120358
5.039591e-007,-0.118666
5.041591e-007,-0.121843
5.043591e-007,-0.124432
5.045591e-007,-0.122948
5.047591e-007,-0.121239
5.049591e-007,-0.122395
5.051591e-007,-0.122982
5.053591e-007,-0.120721
5.055591e-007,-0.119754
5.057591e-007,-0.122361
5.059591e-007,-0.124657
5.061591e-007,-0.124225
5.063591e-007,-0.122516
5.065591e-007,-0.120859
5.067591e-007,-0.120444
5.069591e-007,-0.122188
5.071591e-007,-0.12426
5.073591e-007,-0.123655
5.075591e-007,-0.120911
5.077591e-007,-0.119771
5.079591e-007,-0.121359
5.081591e-007,-0.123138
5.083591e-007,-0.124122
5.085591e-007,-0.125365
5.087591e-007,-0.12552
5.089591e-007,-0.122706
5.091591e-007,-0.118908
5.093591e-007,-0.117492
5.095591e-007,-0.118977
5.097591e-007,-0.120703
5.099591e-007,-0.119927
5.101591e-007,-0.117769
5.103591e-007,-0.11713
5.105591e-007,-0.116992
5.107591e-007,-0.115524
5.109591e-007,-0.115283
5.111591e-007,-0.118476
5.113591e-007,-0.121981
5.115591e-007,-0.121826
5.117591e-007,-0.119564
5.119591e-007,-0.120013
5.121591e-007,-0.123414
5.123591e-007,-0.125019
5.125591e-007,-0.122948
5.127591e-007,-0.119719
5.129591e-007,-0.116802
5.131591e-007,-0.114627
5.133591e-007,-0.11435
5.135591e-007,-0.115801
5.137591e-007,-0.117717
5.139591e-007,-0.119771
5.141591e-007,-0.120617
5.143591e-007,-0.118545
5.145591e-007,-0.115404
5.147591e-007,-0.114782
5.149591e-007,-0.116905
5.151591e-007,-0.118597
5.153591e-007,-0.117717
5.155591e-007,-0.117423
5.157591e-007,-0.122257
5.159591e-007,-0.128524
5.161591e-007,-0.127885
5.163591e-007,-0.121929
5.165591e-007,-0.119167
5.167591e-007,-0.119357
5.169591e-007,-0.116025
5.171591e-007,-0.111243
5.173591e-007,-0.112417
5.175591e-007,-0.117648
5.177591e-007,-0.119771
5.179591e-007,-0.120151
5.181591e-007,-0.123051
5.183591e-007,-0.124778
5.185591e-007,-0.121687
5.187591e-007,-0.117803
5.189591e-007,-0.116836
5.191591e-007,-0.117769
5.193591e-007,-0.118804
5.195591e-007,-0.118114
5.197591e-007,-0.115093
5.199591e-007,-0.113038
5.201591e-007,-0.114437
5.203591e-007,-0.117233
5.205591e-007,-0.119322
5.207591e-007,-0.120703
5.209591e-007,-0.120962
5.211591e-007,-0.11984
5.213591e-007,-0.118217
5.215591e-007,-0.11713
5.217591e-007,-0.117682
5.219591e-007,-0.119685
5.221591e-007,-0.12129
5.223591e-007,-0.121066
5.225591e-007,-0.11915
5.227591e-007,-0.117838
5.229591e-007,-0.119616
5.231591e-007,-0.122602
5.233591e-007,-0.12281
5.235591e-007,-0.120393
5.237591e-007,-0.117959
5.239591e-007,-0.117423
5.241591e-007,-0.119512
5.243591e-007,-0.121964
5.245591e-007,-0.123414
5.247591e-007,-0.125606
5.249591e-007,-0.126573
5.251591e-007,-0.122775
5.253591e-007,-0.117803
5.255591e-007,-0.117095
5.257591e-007,-0.120341
5.259591e-007,-0.124346
5.261591e-007,-0.126245
5.263591e-007,-0.124709
5.265591e-007,-0.121342
5.267591e-007,-0.11896
5.269591e-007,-0.118753
5.271591e-007,-0.119892
5.273591e-007,-0.12003
5.275591e-007,-0.118097
5.277591e-007,-0.116301
5.279591e-007,-0.115973
5.281591e-007,-0.116198
5.283591e-007,-0.117458
5.285591e-007,-0.120444
5.287591e-007,-0.123397
5.289591e-007,-0.124104
5.291591e-007,-0.121705
5.293591e-007,-0.118045
5.295591e-007,-0.117492
5.297591e-007,-0.121152
5.299591e-007,-0.125002
5.301591e-007,-0.126228
5.303591e-007,-0.125157
5.305591e-007,-0.123379
5.307591e-007,-0.123776
5.309591e-007,-0.127384
5.311591e-007,-0.13063
5.313591e-007,-0.12975
5.315591e-007,-0.125019
5.317591e-007,-0.119512
5.319591e-007,-0.116249
5.321591e-007,-0.11656
5.323591e-007,-0.120479
5.325591e-007,-0.125831
5.327591e-007,-0.127833
5.329591e-007,-0.124881
5.331591e-007,-0.121118
5.333591e-007,-0.119581
5.335591e-007,-0.11965
5.337591e-007,-0.120358
5.339591e-007,-0.120893
5.341591e-007,-0.120859
5.343591e-007,-0.120669
5.345591e-007,-0.119978
5.347591e-007,-0.118994
5.349591e-007,-0.118977
5.351591e-007,-0.119271
5.353591e-007,-0.117769
5.355591e-007,-0.114886
5.357591e-007,-0.113384
5.359591e-007,-0.1153
5.361591e-007,-0.119443
5.363591e-007,-0.121498
5.365591e-007,-0.119374
5.367591e-007,-0.116077
5.369591e-007,-0.11442
5.371591e-007,-0.11385
5.373591e-007,-0.114178
5.375591e-007,-0.11656
5.377591e-007,-0.120203
5.379591e-007,-0.121774
5.381591e-007,-0.119616
5.383591e-007,-0.116612
5.385591e-007,-0.116042
5.387591e-007,-0.11675
5.389591e-007,-0.117147
5.391591e-007,-0.118684
5.393591e-007,-0.120721
5.395591e-007,-0.120531
5.397591e-007,-0.118856
5.399591e-007,-0.117251
5.401591e-007,-0.115093
5.403591e-007,-0.11328
5.405591e-007,-0.112969
5.407591e-007,-0.112607
5.409591e-007,-0.111951
5.411591e-007,-0.113125
5.413591e-007,-0.115386
5.415591e-007,-0.115542
5.417591e-007,-0.113125
5.419591e-007,-0.111001
5.421591e-007,-0.111312
5.423591e-007,-0.113038
5.425591e-007,-0.114057
5.427591e-007,-0.114178
5.429591e-007,-0.114247
5.431591e-007,-0.114022
5.433591e-007,-0.113125
5.435591e-007,-0.111726
5.437591e-007,-0.110414
5.439591e-007,-0.110328
5.441591e-007,-0.112193
5.443591e-007,-0.115524
5.445591e-007,-0.118062
5.447591e-007,-0.116146
5.449591e-007,-0.109948
5.451591e-007,-0.105287
5.453591e-007,-0.105736
5.455591e-007,-0.108861
5.457591e-007,-0.111554
5.459591e-007,-0.112779
5.461591e-007,-0.112641
5.463591e-007,-0.111726
5.465591e-007,-0.110224
5.467591e-007,-0.108964
5.469591e-007,-0.109603
5.471591e-007,-0.111502
5.473591e-007,-0.112641
5.475591e-007,-0.11259
5.477591e-007,-0.111105
5.479591e-007,-0.108446
5.481591e-007,-0.107997
5.483591e-007,-0.111606
5.485591e-007,-0.115421
5.487591e-007,-0.115921
5.489591e-007,-0.113677
5.491591e-007,-0.110294
5.493591e-007,-0.107911
5.495591e-007,-0.10931
5.497591e-007,-0.114161
5.499591e-007,-0.118114
5.501591e-007,-0.117993
5.503591e-007,-0.115041
5.505591e-007,-0.112313
5.507591e-007,-0.111105
5.509591e-007,-0.111139
5.511591e-007,-0.111709
5.513591e-007,-0.11145
5.515591e-007,-0.109379
5.517591e-007,-0.107566
5.519591e-007,-0.109379
5.521591e-007,-0.114178
5.523591e-007,-0.117441
5.525591e-007,-0.116923
5.527591e-007,-0.11492
5.529591e-007,-0.113625
5.531591e-007,-0.113107
5.533591e-007,-0.113936
5.535591e-007,-0.115214
5.537591e-007,-0.113815
5.539591e-007,-0.110294
5.541591e-007,-0.108412
5.543591e-007,-0.108032
5.545591e-007,-0.10729
5.547591e-007,-0.107272
5.549591e-007,-0.108395
5.551591e-007,-0.109396
5.553591e-007,-0.110725
5.555591e-007,-0.112331
5.557591e-007,-0.112193
5.559591e-007,-0.110224
5.561591e-007,-0.109189
5.563591e-007,-0.111675
5.565591e-007,-0.11675
5.567591e-007,-0.11965
5.569591e-007,-0.118148
5.571591e-007,-0.115386
5.573591e-007,-0.113194
5.575591e-007,-0.110535
5.577591e-007,-0.108999
5.579591e-007,-0.110673
5.581591e-007,-0.112883
5.583591e-007,-0.112572
5.585591e-007,-0.111312
5.587591e-007,-0.110794
5.589591e-007,-0.109534
5.591591e-007,-0.107911
5.593591e-007,-0.109102
5.595591e-007,-0.112676
5.597591e-007,-0.114955
5.599591e-007,-0.115611
5.601591e-007,-0.115697
5.603591e-007,-0.113556
5.605591e-007,-0.110898
5.607591e-007,-0.11271
5.609591e-007,-0.116577
5.611591e-007,-0.115801
5.613591e-007,-0.111381
5.615591e-007,-0.109413
5.617591e-007,-0.111865
5.619591e-007,-0.115973
5.621591e-007,-0.118356
5.623591e-007,-0.118442
5.625591e-007,-0.118373
5.627591e-007,-0.119219
5.629591e-007,-0.118649
5.631591e-007,-0.11454
5.633591e-007,-0.109517
5.635591e-007,-0.108222
5.637591e-007,-0.110466
5.639591e-007,-0.112072
5.641591e-007,-0.111467
5.643591e-007,-0.110811
5.645591e-007,-0.11202
5.647591e-007,-0.115214
5.649591e-007,-0.118079
5.651591e-007,-0.117372
5.653591e-007,-0.114817
5.655591e-007,-0.115421
5.657591e-007,-0.117596
5.659591e-007,-0.116336
5.661591e-007,-0.114074
5.663591e-007,-0.115818
5.665591e-007,-0.119305
5.667591e-007,-0.119788
5.669591e-007,-0.117613
5.671591e-007,-0.115835
5.673591e-007,-0.114575
5.675591e-007,-0.112331
5.677591e-007,-0.111053
5.679591e-007,-0.113263
5.681591e-007,-0.115766
5.683591e-007,-0.114696
5.685591e-007,-0.112106
5.687591e-007,-0.111709
5.689591e-007,-0.113522
5.691591e-007,-0.114868
5.693591e-007,-0.114281
5.695591e-007,-0.113211
5.697591e-007,-0.113694
5.699591e-007,-0.115162
5.701591e-007,-0.115369
5.703591e-007,-0.113953
5.705591e-007,-0.112883
5.707591e-007,-0.112987
5.709591e-007,-0.112866
5.711591e-007,-0.111847
5.713591e-007,-0.111398
5.715591e-007,-0.111847
5.717591e-007,-0.111364
5.719591e-007,-0.110155
5.721591e-007,-0.110708
5.723591e-007,-0.113194
5.725591e-007,-0.115835
5.727591e-007,-0.118528
5.729591e-007,-0.120842
5.731591e-007,-0.120444
5.733591e-007,-0.117423
5.735591e-007,-0.115455
5.737591e-007,-0.117164
5.739591e-007,-0.120151
5.741591e-007,-0.11953
5.743591e-007,-0.115542
5.745591e-007,-0.113487
5.747591e-007,-0.114558
5.749591e-007,-0.115404
5.751591e-007,-0.114765
5.753591e-007,-0.113297
5.755591e-007,-0.112158
5.757591e-007,-0.113763
5.759591e-007,-0.117147
5.761591e-007,-0.117389
5.763591e-007,-0.114575
5.765591e-007,-0.113798
5.767591e-007,-0.115593
5.769591e-007,-0.116284
5.771591e-007,-0.115024
5.773591e-007,-0.114022
5.775591e-007,-0.113971
5.777591e-007,-0.113539
5.779591e-007,-0.113211
5.781591e-007,-0.114748
5.783591e-007,-0.116129
5.785591e-007,-0.113677
5.787591e-007,-0.109206
5.789591e-007,-0.107618
5.791591e-007,-0.10962
5.793591e-007,-0.112037
5.795591e-007,-0.112434
5.797591e-007,-0.110259
5.799591e-007,-0.107531
5.801591e-007,-0.108256
5.803591e-007,-0.11328
5.805591e-007,-0.117406
5.807591e-007,-0.11568
5.809591e-007,-0.110035
5.811591e-007,-0.106168
5.813591e-007,-0.106806
5.815591e-007,-0.110345
5.817591e-007,-0.113902
5.819591e-007,-0.115231
5.821591e-007,-0.113971
5.823591e-007,-0.111347
5.825591e-007,-0.108982
5.827591e-007,-0.108792
5.829591e-007,-0.110673
5.831591e-007,-0.111364
5.833591e-007,-0.110173
5.835591e-007,-0.110052
5.837591e-007,-0.110449
5.839591e-007,-0.109154
5.841591e-007,-0.108429
5.843591e-007,-0.110173
5.845591e-007,-0.111398
5.847591e-007,-0.110552
5.849591e-007,-0.109983
5.851591e-007,-0.11019
5.853591e-007,-0.109033
5.855591e-007,-0.107221
5.857591e-007,-0.108325
5.859591e-007,-0.112555
5.861591e-007,-0.114955
5.863591e-007,-0.113073
5.865591e-007,-0.110742
5.867591e-007,-0.110639
5.869591e-007,-0.110656
5.871591e-007,-0.110294
5.873591e-007,-0.111191
5.875591e-007,-0.112158
5.877591e-007,-0.11145
5.879591e-007,-0.110155
5.881591e-007,-0.109776
5.883591e-007,-0.109948
5.885591e-007,-0.109758
5.887591e-007,-0.109327
5.889591e-007,-0.108067
5.891591e-007,-0.104769
5.893591e-007,-0.101938
5.895591e-007,-0.103785
5.897591e-007,-0.108602
5.899591e-007,-0.111433
5.901591e-007,-0.112434
5.903591e-007,-0.114471
5.905591e-007,-0.116992
5.907591e-007,-0.117751
5.909591e-007,-0.116526
5.911591e-007,-0.114765
5.913591e-007,-0.113608
5.915591e-007,-0.112382
5.917591e-007,-0.110622
5.919591e-007,-0.11
5.921591e-007,-0.111122
5.923591e-007,-0.112434
5.925591e-007,-0.113021
5.927591e-007,-0.112641
5.929591e-007,-0.110863
5.931591e-007,-0.108136
5.933591e-007,-0.106271
5.935591e-007,-0.107497
5.937591e-007,-0.111139
5.939591e-007,-0.112728
5.941591e-007,-0.11107
5.943591e-007,-0.110432
5.945591e-007,-0.111157
5.947591e-007,-0.109896
5.949591e-007,-0.108584
5.951591e-007,-0.110811
5.953591e-007,-0.114281
5.955591e-007,-0.114368
5.957591e-007,-0.110967
5.959591e-007,-0.109154
5.961591e-007,-0.112193
5.963591e-007,-0.115783
5.965591e-007,-0.114955
5.967591e-007,-0.112555
5.969591e-007,-0.111968
5.971591e-007,-0.11107
5.973591e-007,-0.109344
5.975591e-007,-0.109085
5.977591e-007,-0.109776
5.979591e-007,-0.109966
5.981591e-007,-0.110518
5.983591e-007,-0.112279
5.985591e-007,-0.114592
5.987591e-007,-0.115714
5.989591e-007,-0.113988
5.991591e-007,-0.110345
5.993591e-007,-0.107808
5.995591e-007,-0.108343
5.997591e-007,-0.111813
5.999591e-007,-0.116232
6.001591e-007,-0.119219
6.003591e-007,-0.119771
6.005591e-007,-0.117751
6.007591e-007,-0.113953
6.009591e-007,-0.111226
6.011591e-007,-0.111588
6.013591e-007,-0.113418
6.015591e-007,-0.114109
6.017591e-007,-0.113056
6.019591e-007,-0.112417
6.021591e-007,-0.113505
6.023591e-007,-0.113056
6.025591e-007,-0.109948
6.027591e-007,-0.108757
6.029591e-007,-0.111001
6.031591e-007,-0.11271
6.033591e-007,-0.111657
6.035591e-007,-0.110017
6.037591e-007,-0.111088
6.039591e-007,-0.114092
6.041591e-007,-0.114523
6.043591e-007,-0.113228
6.045591e-007,-0.116129
6.047591e-007,-0.121618
6.049591e-007,-0.121135
6.051591e-007,-0.114092
6.053591e-007,-0.109793
6.055591e-007,-0.112728
6.057591e-007,-0.116284
6.059591e-007,-0.115334
6.061591e-007,-0.113781
6.063591e-007,-0.114471
6.065591e-007,-0.114161
6.067591e-007,-0.112641
6.069591e-007,-0.112969
6.071591e-007,-0.112883
6.073591e-007,-0.11038
6.075591e-007,-0.110276
6.077591e-007,-0.114558
6.079591e-007,-0.11782
6.081591e-007,-0.116111
6.083591e-007,-0.111191
6.085591e-007,-0.107739
6.087591e-007,-0.109051
6.089591e-007,-0.111951
6.091591e-007,-0.111105
6.093591e-007,-0.107756
6.095591e-007,-0.1071
6.097591e-007,-0.110604
6.099591e-007,-0.114903
6.101591e-007,-0.116094
6.103591e-007,-0.113919
6.105591e-007,-0.110984
6.107591e-007,-0.108723
6.109591e-007,-0.107687
6.111591e-007,-0.10874
6.113591e-007,-0.110932
6.115591e-007,-0.111951
6.117591e-007,-0.112106
6.119591e-007,-0.113487
6.121591e-007,-0.115904
6.123591e-007,-0.11656
6.125591e-007,-0.114868
6.127591e-007,-0.114092
6.129591e-007,-0.115369
6.131591e-007,-0.114661
6.133591e-007,-0.110604
6.135591e-007,-0.108136
6.137591e-007,-0.110259
6.139591e-007,-0.114368
6.141591e-007,-0.117648
6.143591e-007,-0.118787
6.145591e-007,-0.117872
6.147591e-007,-0.117303
6.149591e-007,-0.117803
6.151591e-007,-0.117061
6.153591e-007,-0.114575
6.155591e-007,-0.112659
6.157591e-007,-0.112503
6.159591e-007,-0.111934
6.161591e-007,-0.108187
6.163591e-007,-0.104389
6.165591e-007,-0.106496
6.167591e-007,-0.111865
6.169591e-007,-0.113556
6.171591e-007,-0.112935
6.173591e-007,-0.11442
6.175591e-007,-0.116284
6.177591e-007,-0.115369
6.179591e-007,-0.112745
6.181591e-007,-0.11088
6.183591e-007,-0.109948
6.185591e-007,-0.108895
6.187591e-007,-0.108602
6.189591e-007,-0.110518
6.191591e-007,-0.112641
6.193591e-007,-0.111675
6.195591e-007,-0.108239
6.197591e-007,-0.105598
6.199591e-007,-0.105356
6.201591e-007,-0.106841
6.203591e-007,-0.108084
6.205591e-007,-0.107894
6.207591e-007,-0.107963
6.209591e-007,-0.109776
6.211591e-007,-0.111191
6.213591e-007,-0.110656
6.215591e-007,-0.110294
6.217591e-007,-0.111726
6.219591e-007,-0.113159
6.221591e-007,-0.112434
6.223591e-007,-0.11076
6.225591e-007,-0.111398
6.227591e-007,-0.113677
6.229591e-007,-0.112624
6.231591e-007,-0.107376
6.233591e-007,-0.103561
6.235591e-007,-0.105114
6.237591e-007,-0.10912
6.239591e-007,-0.110397
6.241591e-007,-0.10817
6.243591e-007,-0.106599
6.245591e-007,-0.107928
6.247591e-007,-0.109482
6.249591e-007,-0.108705
6.251591e-007,-0.106962
6.253591e-007,-0.106875
6.255591e-007,-0.108533
6.257591e-007,-0.110449
6.259591e-007,-0.112382
6.261591e-007,-0.113781
6.263591e-007,-0.112486
6.265591e-007,-0.109586
6.267591e-007,-0.109448
6.269591e-007,-0.111571
6.271591e-007,-0.111744
6.273591e-007,-0.11038
6.275591e-007,-0.110708
6.277591e-007,-0.112918
6.279591e-007,-0.115145
6.281591e-007,-0.116146
6.283591e-007,-0.115559
6.285591e-007,-0.113004
6.287591e-007,-0.108809
6.289591e-007,-0.105978
6.291591e-007,-0.106755
6.293591e-007,-0.10836
6.295591e-007,-0.108412
6.297591e-007,-0.108999
6.299591e-007,-0.110742
6.301591e-007,-0.111847
6.303591e-007,-0.112814
6.305591e-007,-0.11347
6.307591e-007,-0.111519
6.309591e-007,-0.108619
6.311591e-007,-0.109102
6.313591e-007,-0.112262
6.315591e-007,-0.113729
6.317591e-007,-0.112244
6.319591e-007,-0.110345
6.321591e-007,-0.110691
6.323591e-007,-0.112279
6.325591e-007,-0.112227
6.327591e-007,-0.110138
6.329591e-007,-0.108464
6.331591e-007,-0.109948
6.333591e-007,-0.115058
6.335591e-007,-0.119685
6.337591e-007,-0.11953
6.339591e-007,-0.115887
6.341591e-007,-0.11271
6.343591e-007,-0.111865
6.345591e-007,-0.112382
6.347591e-007,-0.111519
6.349591e-007,-0.10855
6.351591e-007,-0.106944
6.353591e-007,-0.108136
6.355591e-007,-0.108671
6.357591e-007,-0.107583
6.359591e-007,-0.107825
6.361591e-007,-0.109983
6.363591e-007,-0.111968
6.365591e-007,-0.1124
6.367591e-007,-0.11095
6.369591e-007,-0.108377
6.371591e-007,-0.106737
6.373591e-007,-0.107877
6.375591e-007,-0.11107
6.377591e-007,-0.113107
6.379591e-007,-0.112193
6.381591e-007,-0.109776
6.383591e-007,-0.107514
6.385591e-007,-0.105909
6.387591e-007,-0.105598
6.389591e-007,-0.10615
6.391591e-007,-0.107013
6.393591e-007,-0.109344
6.395591e-007,-0.112952
6.397591e-007,-0.114886
6.399591e-007,-0.113056
6.401591e-007,-0.108843
6.403591e-007,-0.10672
6.405591e-007,-0.10943
6.407591e-007,-0.113107
6.409591e-007,-0.113073
6.411591e-007,-0.111467
6.413591e-007,-0.112141
6.415591e-007,-0.113574
6.417591e-007,-0.112572
6.419591e-007,-0.110552
6.421591e-007,-0.111226
6.423591e-007,-0.113902
6.425591e-007,-0.114161
6.427591e-007,-0.111726
6.429591e-007,-0.111053
6.431591e-007,-0.114212
6.433591e-007,-0.118476
6.435591e-007,-0.120479
6.437591e-007,-0.119581
6.439591e-007,-0.117285
6.441591e-007,-0.115404
6.443591e-007,-0.114454
6.445591e-007,-0.113798
6.447591e-007,-0.113246
6.449591e-007,-0.113159
6.451591e-007,-0.113522
6.453591e-007,-0.114212
6.455591e-007,-0.115214
6.457591e-007,-0.115939
6.459591e-007,-0.115507
6.461591e-007,-0.113211
6.463591e-007,-0.109465
6.465591e-007,-0.106875
6.467591e-007,-0.107065
6.469591e-007,-0.108446
6.471591e-007,-0.10943
6.473591e-007,-0.109914
6.475591e-007,-0.109879
6.477591e-007,-0.110432
6.479591e-007,-0.112814
6.481591e-007,-0.115041
6.483591e-007,-0.114609
6.485591e-007,-0.113142
6.487591e-007,-0.113539
6.489591e-007,-0.115231
6.491591e-007,-0.115352
6.493591e-007,-0.113211
6.495591e-007,-0.111019
6.497591e-007,-0.110587
6.499591e-007,-0.111347
6.501591e-007,-0.111968
6.503591e-007,-0.111398
6.505591e-007,-0.109327
6.507591e-007,-0.107445
6.509591e-007,-0.107894
6.511591e-007,-0.109983
6.513591e-007,-0.111088
6.515591e-007,-0.110052
6.517591e-007,-0.108222
6.519591e-007,-0.107566
6.521591e-007,-0.107583
6.523591e-007,-0.107445
6.525591e-007,-0.109016
6.527591e-007,-0.112659
6.529591e-007,-0.115317
6.531591e-007,-0.115645
6.533591e-007,-0.1153
6.535591e-007,-0.114748
6.537591e-007,-0.113211
6.539591e-007,-0.111191
6.541591e-007,-0.109776
6.543591e-007,-0.108533
6.545591e-007,-0.10729
6.547591e-007,-0.107756
6.549591e-007,-0.110207
6.551591e-007,-0.111899
6.553591e-007,-0.110811
6.555591e-007,-0.108274
6.557591e-007,-0.106547
6.559591e-007,-0.106565
6.561591e-007,-0.108343
6.563591e-007,-0.111105
6.565591e-007,-0.112814
6.567591e-007,-0.112279
6.569591e-007,-0.11164
6.571591e-007,-0.113263
6.573591e-007,-0.115438
6.575591e-007,-0.114765
6.577591e-007,-0.11126
6.579591e-007,-0.108533
6.581591e-007,-0.108947
6.583591e-007,-0.110811
6.585591e-007,-0.111157
6.587591e-007,-0.110449
6.589591e-007,-0.111692
6.591591e-007,-0.114489
6.593591e-007,-0.114437
6.595591e-007,-0.110535
6.597591e-007,-0.107514
6.599591e-007,-0.108584
6.601591e-007,-0.112313
6.603591e-007,-0.115732
6.605591e-007,-0.116388
6.607591e-007,-0.114575
6.609591e-007,-0.112814
6.611591e-007,-0.112141
6.613591e-007,-0.112382
6.615591e-007,-0.1129
6.617591e-007,-0.112106
6.619591e-007,-0.110691
6.621591e-007,-0.110708
6.623591e-007,-0.110501
6.625591e-007,-0.108015
6.627591e-007,-0.105719
6.629591e-007,-0.10634
6.631591e-007,-0.109499
6.633591e-007,-0.113936
6.635591e-007,-0.117648
6.637591e-007,-0.118028
6.639591e-007,-0.115248
6.641591e-007,-0.1124
6.643591e-007,-0.111778
6.645591e-007,-0.112641
6.647591e-007,-0.11221
6.649591e-007,-0.109171
6.651591e-007,-0.105857
6.653591e-007,-0.105788
6.655591e-007,-0.109154
6.657591e-007,-0.111847
6.659591e-007,-0.111174
6.661591e-007,-0.110466
6.663591e-007,-0.11259
6.665591e-007,-0.114333
6.667591e-007,-0.11385
6.669591e-007,-0.114506
6.671591e-007,-0.116681
6.673591e-007,-0.116318
6.675591e-007,-0.112797
6.677591e-007,-0.109171
6.679591e-007,-0.1071
6.681591e-007,-0.10615
6.683591e-007,-0.105218
6.685591e-007,-0.104096
6.687591e-007,-0.104303
6.689591e-007,-0.106409
6.691591e-007,-0.108774
6.693591e-007,-0.109776
6.695591e-007,-0.109154
6.697591e-007,-0.108533
6.699591e-007,-0.109603
6.701591e-007,-0.110967
6.703591e-007,-0.11076
6.705591e-007,-0.110069
6.707591e-007,-0.109724
6.709591e-007,-0.109534
6.711591e-007,-0.110259
6.713591e-007,-0.110829
6.715591e-007,-0.10893
6.717591e-007,-0.106875
6.719591e-007,-0.108153
6.721591e-007,-0.110552
6.723591e-007,-0.11057
6.725591e-007,-0.110121
6.727591e-007,-0.111744
6.729591e-007,-0.112555
6.731591e-007,-0.109862
6.733591e-007,-0.106875
6.735591e-007,-0.106513
6.737591e-007,-0.106306
6.739591e-007,-0.105218
6.741591e-007,-0.1071
6.743591e-007,-0.112158
6.745591e-007,-0.115214
6.747591e-007,-0.114765
6.749591e-007,-0.114368
6.751591e-007,-0.114627
6.753591e-007,-0.112693
6.755591e-007,-0.109085
6.757591e-007,-0.108446
6.759591e-007,-0.111985
6.761591e-007,-0.114161
6.763591e-007,-0.11145
6.765591e-007,-0.108481
6.767591e-007,-0.109603
6.769591e-007,-0.111882
6.771591e-007,-0.111985
6.773591e-007,-0.111709
6.775591e-007,-0.113401
6.777591e-007,-0.115283
6.779591e-007,-0.11404
6.781591e-007,-0.110414
6.783591e-007,-0.109102
6.785591e-007,-0.111243
6.787591e-007,-0.112693
6.789591e-007,-0.11145
6.791591e-007,-0.109914
6.793591e-007,-0.109758
6.795591e-007,-0.11
6.797591e-007,-0.109689
6.799591e-007,-0.109448
6.801591e-007,-0.109741
6.803591e-007,-0.109776
6.805591e-007,-0.10981
6.807591e-007,-0.111053
6.809591e-007,-0.112503
6.811591e-007,-0.112348
6.813591e-007,-0.111571
6.815591e-007,-0.111623
6.817591e-007,-0.111433
6.819591e-007,-0.11095
6.821591e-007,-0.11183
6.823591e-007,-0.113021
6.825591e-007,-0.112141
6.827591e-007,-0.110173
6.829591e-007,-0.109482
6.831591e-007,-0.10962
6.833591e-007,-0.108429
6.835591e-007,-0.106806
6.837591e-007,-0.107877
6.839591e-007,-0.111329
6.841591e-007,-0.114385
6.843591e-007,-0.115697
6.845591e-007,-0.114368
6.847591e-007,-0.110967
6.849591e-007,-0.108619
6.851591e-007,-0.10855
6.853591e-007,-0.109776
6.855591e-007,-0.111537
6.857591e-007,-0.111899
6.859591e-007,-0.11019
6.861591e-007,-0.109827
6.863591e-007,-0.112262
6.865591e-007,-0.114799
6.867591e-007,-0.115732
6.869591e-007,-0.114886
6.871591e-007,-0.112952
6.873591e-007,-0.112054
6.875591e-007,-0.112193
6.877591e-007,-0.110604
6.879591e-007,-0.107531
6.881591e-007,-0.107462
6.883591e-007,-0.112244
6.885591e-007,-0.117354
6.887591e-007,-0.117113
6.889591e-007,-0.112382
6.891591e-007,-0.108774
6.893591e-007,-0.10893
6.895591e-007,-0.111692
6.897591e-007,-0.115904
6.899591e-007,-0.119167
6.901591e-007,-0.118666
6.903591e-007,-0.115593
6.905591e-007,-0.113142
6.907591e-007,-0.111726
6.909591e-007,-0.110259
6.911591e-007,-0.109137
6.913591e-007,-0.109534
6.915591e-007,-0.111467
6.917591e-007,-0.113297
6.919591e-007,-0.113211
6.921591e-007,-0.111502
6.923591e-007,-0.109896
6.925591e-007,-0.10912
6.927591e-007,-0.108688
6.929591e-007,-0.108429
6.931591e-007,-0.109586
6.933591e-007,-0.112987
6.935591e-007,-0.115576
6.937591e-007,-0.114627
6.939591e-007,-0.113677
6.941591e-007,-0.116077
6.943591e-007,-0.117838
6.945591e-007,-0.114609
6.947591e-007,-0.109776
6.949591e-007,-0.109413
6.951591e-007,-0.112503
6.953591e-007,-0.113038
6.955591e-007,-0.110984
6.957591e-007,-0.111295
6.959591e-007,-0.113487
6.961591e-007,-0.112831
6.963591e-007,-0.108861
6.965591e-007,-0.105442
6.967591e-007,-0.105097
6.969591e-007,-0.10672
6.971591e-007,-0.107808
6.973591e-007,-0.108291
6.975591e-007,-0.110466
6.977591e-007,-0.112814
6.979591e-007,-0.111882
6.981591e-007,-0.110414
6.983591e-007,-0.112417
6.985591e-007,-0.115024
6.987591e-007,-0.114886
6.989591e-007,-0.113763
6.991591e-007,-0.112849
6.993591e-007,-0.111053
6.995591e-007,-0.108982
6.997591e-007,-0.108153
6.999591e-007,-0.10748
7.001591e-007,-0.10584
7.003591e-007,-0.10527
7.005591e-007,-0.106875
7.007591e-007,-0.108067
7.009591e-007,-0.107894
7.011591e-007,-0.108723
7.013591e-007,-0.110708
7.015591e-007,-0.111364
7.017591e-007,-0.11095
7.019591e-007,-0.111899
7.021591e-007,-0.113798
7.023591e-007,-0.114627
7.025591e-007,-0.114454
7.027591e-007,-0.114523
7.029591e-007,-0.114868
7.031591e-007,-0.114333
7.033591e-007,-0.113021
7.035591e-007,-0.11309
7.037591e-007,-0.115214
7.039591e-007,-0.116681
7.041591e-007,-0.114437
7.043591e-007,-0.108792
7.045591e-007,-0.105373
7.047591e-007,-0.108343
7.049591e-007,-0.112693
7.051591e-007,-0.112417
7.053591e-007,-0.110656
7.055591e-007,-0.112003
7.057591e-007,-0.114281
7.059591e-007,-0.114782
7.061591e-007,-0.114782
7.063591e-007,-0.114799
7.065591e-007,-0.113453
7.067591e-007,-0.111226
7.069591e-007,-0.109586
7.071591e-007,-0.107808
7.073591e-007,-0.105408
7.075591e-007,-0.104424
7.077591e-007,-0.10596
7.079591e-007,-0.108533
7.081591e-007,-0.111761
7.083591e-007,-0.115283
7.085591e-007,-0.115904
7.087591e-007,-0.112935
7.089591e-007,-0.110311
7.091591e-007,-0.110259
7.093591e-007,-0.111381
7.095591e-007,-0.111709
7.097591e-007,-0.111122
7.099591e-007,-0.111813
7.101591e-007,-0.114333
7.103591e-007,-0.115145
7.105591e-007,-0.112451
7.107591e-007,-0.109206
7.109591e-007,-0.107341
7.111591e-007,-0.106288
7.113591e-007,-0.106461
7.115591e-007,-0.107808
7.117591e-007,-0.108584
7.119591e-007,-0.108412
7.121591e-007,-0.107997
7.123591e-007,-0.107393
7.125591e-007,-0.107238
7.127591e-007,-0.108222
7.129591e-007,-0.109534
7.131591e-007,-0.11076
7.133591e-007,-0.112451
7.135591e-007,-0.113625
7.137591e-007,-0.112106
7.139591e-007,-0.108429
7.141591e-007,-0.106789
7.143591e-007,-0.10962
7.145591e-007,-0.113246
7.147591e-007,-0.113505
7.149591e-007,-0.111675
7.151591e-007,-0.110414
7.153591e-007,-0.110345
7.155591e-007,-0.112003
7.157591e-007,-0.114678
7.159591e-007,-0.114834
7.161591e-007,-0.111001
7.163591e-007,-0.107376
7.165591e-007,-0.107911
7.167591e-007,-0.110432
7.169591e-007,-0.111329
7.171591e-007,-0.112037
7.173591e-007,-0.114212
7.175591e-007,-0.115145
7.177591e-007,-0.113194
7.179591e-007,-0.111036
7.181591e-007,-0.109966
7.183591e-007,-0.109292
7.185591e-007,-0.109741
7.187591e-007,-0.111398
7.189591e-007,-0.112469
7.191591e-007,-0.112054
7.193591e-007,-0.110104
7.195591e-007,-0.107514
7.197591e-007,-0.106806
7.199591e-007,-0.108964
7.201591e-007,-0.111191
7.203591e-007,-0.110259
7.205591e-007,-0.106927
7.207591e-007,-0.105373
7.209591e-007,-0.107445
7.211591e-007,-0.110846
7.213591e-007,-0.11435
7.215591e-007,-0.118407
7.217591e-007,-0.12129
7.219591e-007,-0.12117
7.221591e-007,-0.118166
7.223591e-007,-0.112849
7.225591e-007,-0.107842
7.227591e-007,-0.107048
7.229591e-007,-0.109758
7.231591e-007,-0.111467
7.233591e-007,-0.110173
7.235591e-007,-0.108187
7.237591e-007,-0.108412
7.239591e-007,-0.109914
7.241591e-007,-0.109568
7.243591e-007,-0.107808
7.245591e-007,-0.107566
7.247591e-007,-0.108429
7.249591e-007,-0.108429
7.251591e-007,-0.108222
7.253591e-007,-0.10893
7.255591e-007,-0.110035
7.257591e-007,-0.110639
7.259591e-007,-0.109845
7.261591e-007,-0.10779
7.263591e-007,-0.106755
7.265591e-007,-0.108153
7.267591e-007,-0.11038
7.269591e-007,-0.11183
7.271591e-007,-0.112348
7.273591e-007,-0.111778
7.275591e-007,-0.110207
7.277591e-007,-0.108464
7.279591e-007,-0.107531
7.281591e-007,-0.107255
7.283591e-007,-0.105995
7.285591e-007,-0.103992
7.287591e-007,-0.103941
7.289591e-007,-0.106444
7.291591e-007,-0.108964
7.293591e-007,-0.109655
7.295591e-007,-0.108446
7.297591e-007,-0.107462
7.299591e-007,-0.108809
7.301591e-007,-0.110449
7.303591e-007,-0.11
7.305591e-007,-0.109517
7.307591e-007,-0.110259
7.309591e-007,-0.11
7.311591e-007,-0.107739
7.313591e-007,-0.104648
7.315591e-007,-0.102749
7.317591e-007,-0.103923
7.319591e-007,-0.106254
7.321591e-007,-0.106547
7.323591e-007,-0.106703
7.325591e-007,-0.10912
7.327591e-007,-0.111312
7.329591e-007,-0.111865
7.331591e-007,-0.112572
7.333591e-007,-0.11366
7.335591e-007,-0.113781
7.337591e-007,-0.113297
7.339591e-007,-0.112987
7.341591e-007,-0.112123
7.343591e-007,-0.110639
7.345591e-007,-0.10981
7.347591e-007,-0.108826
7.349591e-007,-0.106254
7.351591e-007,-0.104631
7.353591e-007,-0.107134
7.355591e-007,-0.11164
7.357591e-007,-0.113228
7.359591e-007,-0.110397
7.361591e-007,-0.106496
7.363591e-007,-0.106237
7.365591e-007,-0.110017
7.367591e-007,-0.11271
7.369591e-007,-0.110898
7.371591e-007,-0.107963
7.373591e-007,-0.10729
7.375591e-007,-0.107583
7.377591e-007,-0.107445
7.379591e-007,-0.107549
7.381591e-007,-0.108325
7.383591e-007,-0.109931
7.385591e-007,-0.111865
7.387591e-007,-0.112486
7.389591e-007,-0.111795
7.391591e-007,-0.111036
7.393591e-007,-0.110035
7.395591e-007,-0.108567
7.397591e-007,-0.106996
7.399591e-007,-0.105304
7.401591e-007,-0.104269
7.403591e-007,-0.106012
7.405591e-007,-0.111088
7.407591e-007,-0.116025
7.409591e-007,-0.116198
7.411591e-007,-0.112831
7.413591e-007,-0.111364
7.415591e-007,-0.112555
7.417591e-007,-0.113315
7.419591e-007,-0.113263
7.421591e-007,-0.112659
7.423591e-007,-0.109983
7.425591e-007,-0.10653
7.427591e-007,-0.10584
7.429591e-007,-0.108084
7.431591e-007,-0.11
7.433591e-007,-0.109603
7.435591e-007,-0.10924
7.437591e-007,-0.111243
7.439591e-007,-0.112469
7.441591e-007,-0.109206
7.443591e-007,-0.104545
7.445591e-007,-0.103751
7.447591e-007,-0.106478
7.449591e-007,-0.10912
7.451591e-007,-0.110708
7.453591e-007,-0.112279
7.455591e-007,-0.113677
7.457591e-007,-0.113142
7.459591e-007,-0.109793
7.461591e-007,-0.10615
7.463591e-007,-0.105235
7.465591e-007,-0.107445
7.467591e-007,-0.111502
7.469591e-007,-0.114661
7.471591e-007,-0.114057
7.473591e-007,-0.110811
7.475591e-007,-0.109033
7.477591e-007,-0.109344
7.479591e-007,-0.108291
7.481591e-007,-0.104873
7.483591e-007,-0.103595
7.485591e-007,-0.107997
7.487591e-007,-0.113902
7.489591e-007,-0.114195
7.491591e-007,-0.10931
7.493591e-007,-0.106254
7.495591e-007,-0.10748
7.497591e-007,-0.108291
7.499591e-007,-0.106133
7.501591e-007,-0.105011
7.503591e-007,-0.107428
7.505591e-007,-0.110138
7.507591e-007,-0.110967
7.509591e-007,-0.111381
7.511591e-007,-0.112158
7.513591e-007,-0.113643
7.515591e-007,-0.115835
7.517591e-007,-0.115732
7.519591e-007,-0.11221
7.521591e-007,-0.110673
7.523591e-007,-0.114092
7.525591e-007,-0.117544
7.527591e-007,-0.116664
7.529591e-007,-0.113297
7.531591e-007,-0.111381
7.533591e-007,-0.111675
7.535591e-007,-0.112003
7.537591e-007,-0.111312
7.539591e-007,-0.110794
7.541591e-007,-0.111157
7.543591e-007,-0.112037
7.545591e-007,-0.112728
7.547591e-007,-0.112572
7.549591e-007,-0.113004
7.551591e-007,-0.115887
7.553591e-007,-0.118183
7.555591e-007,-0.115852
7.557591e-007,-0.111657
7.559591e-007,-0.110466
7.561591e-007,-0.112123
7.563591e-007,-0.113781
7.565591e-007,-0.113159
7.567591e-007,-0.109862
7.569591e-007,-0.107117
7.571591e-007,-0.108464
7.573591e-007,-0.112417
7.575591e-007,-0.114178
7.577591e-007,-0.112123
7.579591e-007,-0.110328
7.581591e-007,-0.11202
7.583591e-007,-0.113574
7.585591e-007,-0.11057
7.587591e-007,-0.106012
7.589591e-007,-0.10489
7.591591e-007,-0.107531
7.593591e-007,-0.111571
7.595591e-007,-0.113919
7.597591e-007,-0.112158
7.599591e-007,-0.108101
7.601591e-007,-0.106168
7.603591e-007,-0.107825
7.605591e-007,-0.110673
7.607591e-007,-0.112089
7.609591e-007,-0.112089
7.611591e-007,-0.111847
7.613591e-007,-0.110915
7.615591e-007,-0.108515
7.617591e-007,-0.105926
7.619591e-007,-0.10546
7.621591e-007,-0.108308
7.623591e-007,-0.112365
7.625591e-007,-0.113107
7.627591e-007,-0.109275
7.629591e-007,-0.104493
7.631591e-007,-0.102335
7.633591e-007,-0.103613
7.635591e-007,-0.107549
7.637591e-007,-0.111882
7.639591e-007,-0.113798
7.641591e-007,-0.112072
7.643591e-007,-0.108256
7.645591e-007,-0.105978
7.647591e-007,-0.107065
7.649591e-007,-0.109085
7.651591e-007,-0.110121
7.653591e-007,-0.111554
7.655591e-007,-0.113142
7.657591e-007,-0.112883
7.659591e-007,-0.111157
7.661591e-007,-0.109413
7.663591e-007,-0.107842
7.665591e-007,-0.106116
7.667591e-007,-0.104752
7.669591e-007,-0.105322
7.671591e-007,-0.109068
7.673591e-007,-0.113487
7.675591e-007,-0.113781
7.677591e-007,-0.11
7.679591e-007,-0.107739
7.681591e-007,-0.109845
7.683591e-007,-0.11309
7.685591e-007,-0.113763
7.687591e-007,-0.112296
7.689591e-007,-0.110397
7.691591e-007,-0.106962
7.693591e-007,-0.102663
7.695591e-007,-0.102266
7.697591e-007,-0.105943
7.699591e-007,-0.10798
7.701591e-007,-0.107083
7.703591e-007,-0.106357
7.705591e-007,-0.106513
7.707591e-007,-0.106789
7.709591e-007,-0.106944
7.711591e-007,-0.106755
7.713591e-007,-0.107393
7.715591e-007,-0.109327
7.717591e-007,-0.110224
7.719591e-007,-0.109154
7.721591e-007,-0.108464
7.723591e-007,-0.109638
7.725591e-007,-0.111761
7.727591e-007,-0.113263
7.729591e-007,-0.112935
7.731591e-007,-0.11088
